gripper_type,object_type,rel_x,rel_y,rel_z,roll,pitch,yaw,success
TwoFingerGripper,Cube,-0.17041927497129528,0.18775811897003408,1.9450991743714043,0.03258654176352973,1.5237958304709536,-0.8399411539943412,0
TwoFingerGripper,Cube,0.4315599941568592,1.0794740164385628,1.5886575222187218,-0.02554480745674683,1.0177104904411842,-1.9270309818204423,1
TwoFingerGripper,Cube,0.28535935718605276,0.3734612653270229,1.9052286387320174,-0.05896875474364343,1.2556540960337046,-2.243963641723596,0
