gripper_type,object_type,rel_x,rel_y,rel_z,roll,pitch,yaw,success
TwoFingerGripper,Duck,0.0648321613135055,-0.10237376410674634,1.9727177123935382,3.0142622151347855,1.5558006610252146,-0.9790501495489172,1
TwoFingerGripper,Duck,-0.4754372377193744,-0.01189018481473657,1.919019488816426,-0.1141134627983021,1.2805790816304612,0.08423056466126869,0
TwoFingerGripper,Duck,0.3103655513376081,-0.261825189056618,1.9347341796244355,0.007648109277705489,1.4143288466127697,2.3649230147823057,0
